{
   "projects": [
      {
         "path": "temp_project",
         "title": "BRANDING x LOGOTEMPDESIGN",
         "textheading": "logodesign",
         "subtext": "this is a temp project for testing purposes. yeah..",
         "count_imgs": 2
      },
      {
         "path": "temp_project2",
         "title": "BRANDING x P2",
         "textheading": "propject 2 texthaeding",
         "subtext": "this is a temp project for testing purposes. yeah..",
         "count_imgs": 2
      }
   ]
}